<?xml version="1.0" encoding="UTF-8"?>
<extension version="3.9" type="package" method="upgrade">
  <name>Testeerge Pacote</name>
  <author>Super User</author>
  <creationDate>2020-09-03</creationDate>
  <packagename>testeerge</packagename>
  <version>3.9</version>
  <url>https://pitt.prpi.ufg.br/pitt</url>
  <packager>UFG</packager>
  <packagerurl>https://pitt.prpi.ufg.br</packagerurl>
  <copyright>Copyright(c) 2018 PITT - UFG</copyright>
  <license>GNU GPL v3 ou posterior</license>
  <description>Sistema de Repositório intelectual - projeto de pesquisa</description>
  <files>
    <file type="" id="">date.zip</file>
  </files>
  <install>
    <sql>
      <file charset="utf8" driver="mysqli">install.mysql.utf8.sql</file>
      <file charset="utf8" driver="mysqli">install.mysql1.utf8.sql</file>
    </sql>
  </install>
  <scriptfile>pkg_testeerge.php</scriptfile>
</extension>
